path,bytes,sha256
figures/08b_minus_08_difference_by_country.pdf,169601,c7f50a4a95f3471ae6e36093ce2ad9ea109505d83089cf2d9450e5d24b570240
figures/08b_vs_08_scatter.pdf,84033,cb928cadfd86f8c099606d5cfc2be116f1fae820fe0f44131beaaafa474d44b0
figures/citizenship_gap_correlations.pdf,14550,f943b2356734c7d9d0265d293fb2c31e7ad4bb96cea3f074aca6c232701678b7
figures/citizenship_unmet_need_comparison.pdf,15229,d4d2e73e6bc91725122858bc00027bb398e3117f6ffe315f3cf4a45d0a1a6bc1
figures/citizenship_unmet_need_heatmap.pdf,26314,35c1809eb777538bf02881b946d163de2bb1b4dfda59e8c4347f49215fb85913
figures/citizenship_unmet_need_trend.pdf,18478,ad416aaf7f5f26efe436212733cb94b12eb6e12d5c318f20d038b3e03ed48912
figures/complete_case_attrition_waterfall.pdf,16320,36bc5e4784d853771f5728e647f0d915715a84a13379ad89363994d4a128d45c
figures/conceptual_selection_estimand_diagram.pdf,16292,61ae2d1aa522beac318c454e303d2e475790d2821b148bd933e7331d63cbd88b
figures/conclusion_stability_by_outcome.pdf,14045,7bf079deddc58869a37850c196933113d2bd028467777bbdc2f218c06c8ceec2
figures/convergence_sigma.pdf,13891,0a4d367ac22aa19e2eae8ec98d0b9378a816d93d6d49f7d497df0d326cedd3d3
figures/descriptive_country_rankings.pdf,20112,74763035276116bf0bcfb6512765eb969a5f3a25b355b24a7ae18d8d0faf1051
figures/descriptive_country_rankings_latest.pdf,24709,d7dd37bfd273313d8da7aea458626c3c8fb71f995c36fe79044d803df432b1d1
figures/descriptive_country_year_heatmap.pdf,36122,1be888e6a43126500bc440648ea5221f87511390759136f47b3bbdda670e41b1
figures/descriptive_estimand_drift_diagnostic.pdf,18097,ac7c1a0086a7fae69be6f1761f1496a03ff8d60522292865e9c4971543dcbdaf
figures/descriptive_eu_trend.pdf,15957,0b56de5eee8286a3b59343d0588c51afde4ff6b992f71eafd3d4f30661b6999d
figures/descriptive_trend_europe.pdf,21477,d577bceacaeb93074ec98d53bdea3ee44d5f12f13b9df5fbf5100f4a38f5a9de
figures/descriptive_trend_with_bands.pdf,14100,e47f5fb3a07cdbeec458a5c8aefd86e7e10af6b8e3a0a7eaf0ebe945c34e6a6a
figures/drift_stability_map.pdf,19967,5e885704017e9bb242c621d322300693de27ebbe5e4bed75ac2a0a874a57cc3e
figures/leave_one_country_out_poverty.pdf,17404,eafc7ca23e6ae207b44f49fd286e5e06a8bce2be6170c51d2784ba170508d311
figures/leave_one_year_out_poverty.pdf,13461,d26c31092a2db1a16dc7cc6317acaf8ed4103970dce50e78bcec024353571d6e
figures/mi_coefficient_distribution.pdf,12795,064329677bbcae35d0186f8d67908fa1a47fbdc196c04b47babc15880865536e
figures/mi_imputed_share_heatmap_baseline.pdf,32294,e2b00c58ea31847875ab4114b48702f1b33f80e5ab5672efd20581bceaf92eaa
figures/mi_imputed_share_heatmap_baseline_m50.pdf,32332,6df565cc84481649b1aab9235e5f0e5167d50af3309885cfc7cffd905f9d6e80
figures/mi_imputed_share_heatmap_baseline_pmm.pdf,32294,e2b00c58ea31847875ab4114b48702f1b33f80e5ab5672efd20581bceaf92eaa
figures/mi_imputed_share_heatmap_baseline_pmm_m50.pdf,32294,8800595f37cdf38359e1e016a7eb61af4d862f9511502aeb9128032f8b39e0a5
figures/mi_imputed_share_heatmap_country_dummies.pdf,32332,602375e27f2b2d3ce5133ff39b3ebe7ecfd07756ab31f6f4ad2764d218a8b76e
figures/mi_imputed_share_heatmap_country_dummies_pmm.pdf,32294,b75996bb76f343e4c803a552d3468e3fc814ee973350d4dd71f565a3e7acdf50
figures/mi_imputed_share_heatmap_lagged_predictors_pmm.pdf,32294,244e077204bd1b729f3b9355bebfd5587a9e5449841431ea0834bb97bbe3fdd9
figures/mi_imputed_share_heatmap_no_outcome.pdf,32332,ffaae98896267890b49bd5cb8866159f9903f7b8c791241e91345f965fd121d7
figures/mi_imputed_share_heatmap_no_outcome_pmm.pdf,32294,f7907ef00f25166eabb81193d802b0606e2eddae3b2fe00f49017195b861806c
figures/mi_observed_vs_imputed_baseline.pdf,22345,320689eabb2fb436ab673e9e04e9f82fefec7149ffba430806cadec96b34cb1e
figures/mi_observed_vs_imputed_baseline_m50.pdf,20941,a58e1c000b1e63715f2a37cca17c9e0651f2c22be9d3e1bd22eb5ae9a54066ad
figures/mi_observed_vs_imputed_baseline_pmm.pdf,22345,320689eabb2fb436ab673e9e04e9f82fefec7149ffba430806cadec96b34cb1e
figures/mi_observed_vs_imputed_baseline_pmm_m50.pdf,22345,6f01df213be851287c0db0f35dee6c3ba34218d03e588fdc31bfaeb5bab1e327
figures/mi_observed_vs_imputed_country_dummies.pdf,21237,80e2a691020b0baae7c96743853c905e7d59d7f4b9e136425804dd53c2fde27b
figures/mi_observed_vs_imputed_country_dummies_pmm.pdf,22250,39761e32a59582be737db9f4f6db946806ac6f30943737c5aace7dbbe7dfe2a2
figures/mi_observed_vs_imputed_lagged_predictors_pmm.pdf,21947,941b3328654835213e6506ae71d5e5b91408cf02e0a97b31ddd9fd908814bda6
figures/mi_observed_vs_imputed_no_outcome.pdf,20938,52ce611c812679bcc79888919832a24ab83594543cd21db7d96611ae6e518dc7
figures/mi_observed_vs_imputed_no_outcome_pmm.pdf,22033,1d849470869b1cd5e8b9c5fb240b20509ade0c5c7596856f268028dec799a304
figures/missingness_heatmap.pdf,69730,667b06da57b2727e72f8d7340a5691bdcd41232c4a2c893db686d1ee8adaa5ff
figures/missingness_heatmap_capacity.pdf,32742,b7ad503f84c4519cd45e29c551b86443bf40b557d47c2a962ad3848f75bc380a
figures/missingness_heatmap_financing.pdf,32159,d20749d1f109622ea32083200d2b8c121250c73b5bb50278f296b6eb528be661
figures/missingness_heatmap_outcome.pdf,31876,ca0582086f88a72e1907c606c02999da8dfedb8a88b06f6cfa68f75717ce4c56
figures/missingness_heatmap_population.pdf,32273,500bbdde8176aced3ceb45253425c68f7801cdbace3f3e5f83e1515a078bf4a1
figures/missingness_heatmap_socioeconomic.pdf,32219,72b34067186ba693472f66ac926c5b81fd0b4d05c8fb7381e606f479df88064f
figures/missingness_inclusion_probability.pdf,13882,2617d3edf6772c4e42670be602cc2aa6791f6a7fbd2e8b5a07e26d97bd69d747
figures/ml_actual_vs_predicted_gradient_boosting.pdf,12015,2b9cc20fba6392c4c63ee5cb2af7943a9e60eb456f18278394474d352fd8aeef
figures/ml_actual_vs_predicted_random_forest.pdf,11880,7ebb5f0595e8daa5ebbd2cf5d42b6a569badfd2d356ac077a3a2f7dcc4e442c7
figures/ml_actual_vs_predicted_ridge.pdf,12132,899d77481f3c8b4d6f82d8ab0393ecbdbae3218ddf5e396c0f1ddd7af9b40fa8
figures/ml_calibration_plot.pdf,13441,732a25e951876a48ed8ecc6216f766ef8f60f9a65891ae3997f15df27bcbc227
figures/ml_expanding_window_validation.pdf,17619,e5ff0e1302c5ec1110e0647db1b83658469601aecb26514e82ead00d7aef4160
figures/ml_importance_comparison.pdf,14031,1741387f08f7915923b031df727804688b4ff433e047cacc7394ca5dc368ca8a
figures/ml_importance_stability.pdf,12622,4460a8ee7af299fe77595be653abf40c1772eaf8447e93cb5aa16873591639fe
figures/ml_learning_curves.pdf,13083,ccd9f62fe48c97caf777769e054c0b3742963a6573d77fc40ddf2cb60a7a0476
figures/ml_permutation_vs_impurity_importance.pdf,20420,e536986145fe97ca032d394d953893933d69a00546691ea6e6c991ad6cc34e65
figures/ml_residuals_by_country_gradient_boosting.pdf,17744,f9dd274279d5af6a1870efcfd39d13a61e084efe8399a4899bd6de36e504d65e
figures/ml_residuals_by_country_random_forest.pdf,17504,db638d6e45d0c7fd0ca1998c31af99093e91e7ea06f1db6fae71228d9c71b16e
figures/ml_residuals_by_country_ridge.pdf,17466,85330a0413da27e3e74d699e45fd30c86de55cafe83f8ede42f6b11d403e1567
figures/ml_residuals_vs_predicted_gradient_boosting.pdf,13594,282e5dee2fd499a44cfc089dd6208f0006aac421a82e2bc2008cc827503ae446
figures/ml_residuals_vs_predicted_random_forest.pdf,13203,6eb8528cfc79c6687efaa00c52b02429956501375c2dbdeffdda37501fa97ccc
figures/ml_residuals_vs_predicted_ridge.pdf,13163,bc6ed53eed0c68990aeddf86bef94740c95350d1ded7e200ccc9e6adc00175f9
figures/ml_tree_feature_importance.pdf,17846,84e602eb599d02fe27bf4230ee4a20e5b05d3195e1fa241c60ec17c8a877de92
figures/ml_validation_tuning_mae.pdf,18563,d503d04289c557319ae550be15bce9c0c3b31aa33b99a64b54684daccc4ef3cd
figures/mnar_tipping_point_curve.pdf,14502,2fa9a197e19a192eb89e49d7e5f8d25620085e91f40b05df2fdc98615e14e8de
figures/model_correlations_heatmap.pdf,111200,ed95b8017fb5f621978b0f7c1757b71bb04cb6102567e0de9e04584c5f9edb50
figures/model_ladder_coefficient_forest.pdf,20889,be1340d69c1954fb81ce69877f14c1009274ad9506f12cb072c936f6c10ef6ab
figures/multi_outcome_monitoring_benchmark.pdf,30021,a0cbe6c9504ef74cc021e5fc1685316504902618bc8dce63ab53ca3a783598b6
figures/multi_outcome_primary_attrition_waterfall.pdf,16760,2366e1a29732cb3f205dd24eebe3ea73f78a3a7be762e906b59ac4d3e95065c3
figures/multi_outcome_retention_heatmap.pdf,21308,5931d08e8760befe6e69608766735c2142cfa3faad482a27e5e43ed072d71b4d
figures/outcome_estimand_coefficient_stability.pdf,19439,6339ba6289a655c7eee9312e0a6783e0d097943324ed657c86988533f1f16b4b
figures/outcome_missingness_heatmap.pdf,332342,a4d969cff7bbc44960a2df0d947c43310f7b5e975ed808bce7ec1fd4c5648caf
figures/panel_correlations_heatmap.pdf,24227,0c66d139ae52f942f6f3935cfc320774856e4d0f8fbbd94f90423456e7132f89
figures/panel_heterogeneity.pdf,19646,7ecbffedc5297250bbd0353d0488ddcfc32f45cf1bc40b3176cf519b8411ebd2
figures/panel_variable_distributions.pdf,35894,c841a0f399fb1c99bbfb39716f0887e777fb6945968934e567bf83041b50f971
figures/population_weighted_trend.pdf,14718,116c37e74b4f76a98b086a107e84f6e33e95a722888dc0ac7c1624213e084087
figures/poverty_robustness_forest.pdf,19086,e9808d20ad9521e66b95a2e8fc82c2a603938157eca5a3143841d6d84b2f1678
figures/regression_fe_coefficient_plot.pdf,13558,251a5140c465b27f06f50ec8e37ff9e358a0595b86c01ae2103859b14958835a
figures/regression_robustness_forest_plot.pdf,19499,4979f43dde574ad31c5ec711150981681411c7b09dc77ccab14a0b69da8d099c
figures/scatter_unmet_vs_compulsory_health_financing_gdp_pc.pdf,15266,2b4045b87cda545192a0bc919e7514dee531735d37d8eae42d90e68a489cd685
figures/scatter_unmet_vs_gdp_per_capita_eur.pdf,12829,d6682d73886fddd9b8d11b09301403936ced36ed8c2c293988d868b9e2b0bd2e
figures/scatter_unmet_vs_gini_income.pdf,13016,f6ea1006210c57d742843cb07ca54727367e2dc54c19137f06c83796a29d516d
figures/scatter_unmet_vs_government_health_expenditure_gdp_pc.pdf,15047,a63ed3a858c082a6f9f2b398127502beeb47edf7a14996198d39ee7b54dc7da4
figures/scatter_unmet_vs_hospital_beds_per_100k.pdf,14627,0529d666645ddcb058b7303063f0346bddc4256aec301c167b7eb650da4505e6
figures/scatter_unmet_vs_log_gdp_per_capita.pdf,13846,59f6da28acedf30de7adf7763a4ac08fe50b737b754d2533ea92e9117e101e51
figures/scatter_unmet_vs_long_term_unemployment_rate_pc.pdf,13284,2272cd7a4782a4d0670eafb84900264a038cc2f144b1b9a4f566933b46d6b2fa
figures/scatter_unmet_vs_oop_health_expenditure_share_pc.pdf,14378,e36cdce8ee3c3e05a2bed666ef1c933a64509032c112fc69f2a8c60ded709e4d
figures/scatter_unmet_vs_physicians_per_100k.pdf,13891,9de5a3d328aceeb5a7ddcec4d1f348ff075bad847e09c9643ca1f2226b91f7dd
figures/scatter_unmet_vs_poverty_or_social_exclusion_pc.pdf,14602,39ab52578a8923b71ac14fd902fd3dbe59a294d683b66cbde43420bb72a7aa2b
figures/scatter_unmet_vs_unemployment_rate_pc.pdf,12876,3bb6556417a064e85f0ff7bfbf39a938db7117831f60b449c756016fecd1ca11
figures/simulation_bias_by_mechanism.pdf,14072,4663077926f99cfa88abbf9731f0cc2cfb6c10659e4a7db18001f99103ae26d7
figures/simulation_target_distance_vs_error.pdf,202773,53d31b67754ec4316cb99584f9b868e373d80c7e4997bdaa604b7709609c51a5
figures/simulation_tdi_vs_error.pdf,203912,05174de71b4f2403114d890016aec9b06b64bfbfab20af6b04ef976e628b3c32
figures/simulation_wrong_conclusion_by_tdi.pdf,15754,27c51bae97a64fec8daf1c00e2995d21556173f71d6edb4d0ab3705fc1fa7acc
figures/target_drift_components_heatmap.pdf,20531,7c6cc469414bdcff6a82e244fcd19c4b1d27f25f88933bba738aca2e323ecc28
figures/tree_feature_importance.pdf,108263,79286027469b2281e08b9653d746d435bd860544f61b69b8d930d78b734ca332
figures/unmet_need_trends_all_countries.pdf,182131,7d25d7a31424fad8f2064acee43e587eea3b30ead691f5c227b7234d038f4984
figures/unmet_need_vs_gdp_per_capita_eur_2025.pdf,70082,acea6fa58b74e78edf1f94efded5c5797cb2a1cc18fda80cd54192202f6bbba5
figures/unmet_need_vs_poverty_or_social_exclusion_pc_2025.pdf,77342,0f765780f451b7d00ea06ed4db3a1d4ae01feb802dae1dbd02592a8dcb419fa5
figures/unmet_need_vs_unemployment_rate_pc_2025.pdf,70787,6582089284efc0354a15e41d639185de313e5ffb9aa699c8082d1096ab0d1370
outputs/08b_common_country_years.csv,4832,8901795d83281426eefe0308741e37700fcdfd7b7ce8b219cafb5992f5fba3c8
outputs/08b_country_average_comparison.csv,1185,24fca4502abfb5acf5f86faf79e1615624fd8823bac7632eca8187f5efa52361
outputs/08b_robustness_summary.md,535,11748765a3d2502b226bbc17bce3f556bc500067d2b6f7064cfa3c38fd398f3a
outputs/advisor_decision_brief.md,2364,b51897eebb3231f4d856a72f9945bef2a469985d19b746142334bbfc37cac501
outputs/analysis_errors.log,24,4343105eeeea9d0fa72e2e1d716efb788f0bd70677fc8d4f6dbc6f8c8ddf4165
outputs/attrition_by_country.csv,1724,02a3171c126b98fc690bfee784349b4f8d2afe9250d197c48c40f2504192edfe
outputs/attrition_by_country_group.csv,171,5ef3c8a8e38b280470efb01dfff10e2a66f48abad51dc699aa1282ad98cf3c58
outputs/attrition_by_covariate_block.csv,578,21ff8dc75cfaad732eca2a677745d008a7734c9a629699e11100fdfa9fbe9cc9
outputs/attrition_by_year.csv,578,de7816b1a6779f81b8bfe1c45b447b7dd23a429ec17f64f6c1a0ce6013cf7fd5
outputs/attrition_summary.json,227,1bf29e7795d6c4d5463924097b3d877bf98ced08e9f63d884ed2d5328c9501a0
outputs/balanced_outcome_countries.csv,262,737ca9ae4a1ef24fe6f39a3fab4c065ac1de57a57d5db3183f4d859c3f530fa0
outputs/citation_migration_needed.txt,556,319cec8e2c63894d19a2e6d394bfdc10204173bdc66214e598d2ada1a5abd424
outputs/citizenship_data_report.txt,333,67e16fa61394fe12b398747ed003cac290674d55c8273ae9fab47b3be0527749
outputs/citizenship_gap_by_country.csv,888,a45b7d97713d233f2448359648c40b0162bf6ec081f3147a319581c4e7bb88ff
outputs/citizenship_gap_by_country_year.csv,15268,f8fea9ccefabdc4245263a0c852ace637bddb6f6d8b5d70e6deebe1ae9c4d95e
outputs/citizenship_gap_clustered.csv,331,4201ee25303964e1f3fe80f8b61c3a29356fb86b2fa81869106ed86d804cb6cf
outputs/citizenship_gap_correlations.csv,384,21936792123f4d43470de469437d37aa02f920321a3625e36b7b586f7f5718be
outputs/citizenship_gap_regression.csv,403,067daf6b5acfd1e7ed7e7070b52d2d7b74ad3cd8c6ab2d5c0b4a3ad193baa49e
outputs/citizenship_gap_ttest.txt,393,d24143fedb2bb4b8d4118beccdc600a57cf071c2732175ca8be7750488849abc
outputs/cli_smoke_simulation_bias_summary.csv,2457,f384f723600ad51f79fef343be711eca7b9f508b348e390a91421773a69084c9
outputs/cli_smoke_simulation_ci_coverage.csv,1248,4e6fefbfc4c6fe482b602441bb3a5d1cd21965ba0ddcfd10e23fafa71dbf0e91
outputs/cli_smoke_simulation_reference_estimand.csv,131,58303ea3988dc29ab62e208d9e20452a3fac342dbc1c9a08e70b68a2d73a0635
outputs/cli_smoke_simulation_results.csv,241042,9be8620087318f12ffed11795c9dc4b819088dd4b34872c7f70d0ac5df3b512d
outputs/cli_smoke_simulation_sign_reversal.csv,1249,2fc749d85b9a34c72db55a90a3223dc980a4e86ab5c0325aa29f2e3f504d5dad
outputs/cli_smoke_simulation_validation_summary.csv,2565,e2d33f27607d5faf15ede2f476b78536fa3e9fa168b049c307133c99442fc28a
outputs/cli_smoke_simulation_wrong_conclusion.csv,1252,4ca90796b044bc7e0424ff20a681341f8ca0704b39322ce2a43ee4bc2d6adae9
outputs/coefficients_lasso.csv,603,b99aede05ff0ee57b24981dd6404b29b38bc8a2c1e7996bfa839652512237f7c
outputs/coefficients_ols.csv,659,62d5c27ddf72317bcb35b7aba9db9a2f239c511c71e7ee5a47fca80a69582ea6
outputs/coefficients_ridge.csv,667,1233b6a59a1c9244e552f20034f3ce6b39214707a032d9b1080f6b0dffb10673
outputs/complete_case_attrition_waterfall.csv,734,14cf8147405ec02c0efa6ebd7ecb69f70a098c8001a3dd386d6ae1b824b9b506
outputs/complete_case_selection_model.csv,1134,99bc37dbbb1881c8e4f1b0817360e13a5ec01490a80e50cc37922f9083eedc27
outputs/conclusion_stability.csv,945,c492a5283e761f61aeee39696f83c58aa2e2fb2831d267d77137307ac0cfbf33
outputs/control_api_requests.json,2508,a90d63341d29a40ba82e37dd01868336f6e70d136ab01ecb887e9e516df31993
outputs/control_feasibility-4.csv,2106,3963d024f62a4388e73154ae444fb70ee88fbc6b9dbf4bd3fcdbac768d9285b4
outputs/control_feasibility.md,4557,a31b24258bb49074812d6811a83570381526f140206de77acb3243d95dc57718
outputs/control_feasibility_extended-2.csv,2036,38fed19294a434ff4689003a323c9aebb673db5eeca09e3b5bf64daf0d0e75ce
outputs/control_feasibility_extended.md,4520,e2eba83d30f494a2f6120f097e2c319e34fce66411eba651b7d816b95131afba
outputs/control_feasibility_notebook.csv,2106,3963d024f62a4388e73154ae444fb70ee88fbc6b9dbf4bd3fcdbac768d9285b4
outputs/control_feasibility_notebook.md,4241,5bc3e08951a1c665b6f3fcfc2d1531b7c8350b730828f4c252d3ece6824524dc
outputs/control_missingness_by_year.csv,517,f7ef4a193f73932b700add77ef019480e8c6b834c05c550b42b9793a17c55ef8
outputs/convergence_beta_result.txt,219,8296ff3590962e24db897294d616157e4659a32c60abb034d5a089205d9b3063
outputs/convergence_sigma.csv,520,c8e739babeeeea2b2c0112155abc1ec7b2906e7f1dae03d1433959d81088466e
outputs/country_coverage_table.csv,1287,905f6c7d51cda5fda1768e40b7084cb4c7dc4673e7b33ea2de8789cfb9b790ea
outputs/country_universe.csv,1645,35470a1813abd310ec26d66a79883afd372c4824452300d9a6b408cdb57a7702
outputs/country_universe_summary.csv,191,90ba23946c4e86657f040e9692d83918e586f35db3251d380a3a7bf8140319d5
outputs/dataset_audit.xlsx,20393,c7932f0499bdc9882d0da0a76f8cf61f36e1e83044cc6f73332b77a5ad7a2f4d
outputs/dataset_audit_summary.md,10047,50a95df0a7153fe14b4f3a54de71094f664126e4fa23d5024e7c15f89735e130
outputs/descriptive_estimand_drift_diagnostic.csv,1122,092e5262f161f794ca25cea8408f749815d92edd936612bd55fce2f219241cab
outputs/descriptive_profile_summary.md,1520,d43fa1a8d62b629721ce6503593dbbd3929147912b09b63552acf4582f7fc670
outputs/drift_stability_theta.csv,6863,128457a32c08dbb59da8becefb72d40bb78176c9fb54958b080b470a3da1b7e6
outputs/eda_descriptive_summary.md,668,34ee700c751718889e0b86bc3a03b0fe737ad91abd8680345f97047a4e7c62a2
outputs/eurodrift_report_hlth_silc_08.csv,158,0f677a8fc1e2f9f63dcc2cb48c63a59f47945278eb6a54f2e35b946604236bf6
outputs/eurostat_reason_code_validation.csv,1070,7e548428cca5498db3af3b71770dcd1a025c817e81de0c94d22f0503d57882bc
outputs/failure_modes_public_aggregate_panels.csv,1057,9ee5ebd7e7746cddd1881defb25a94c958ae0a03371345a56ada0b898d707a58
outputs/fe_baseline_summary.md,932,8318bc553cd78db7379a1624f69511b2f569a61153b871a58a93cc2ddc9378a6
outputs/fe_fit_diagnostics.csv,248,e0ce91407d397a709510059abea8e7f143344370201962a48e0a17bc22a3b420
outputs/fe_inference_comparison.csv,476,d021bed291a0c5422f696523ba0b1e48919cee532b823a2f3fd1350ac4b0afdb
outputs/feature_api_requests.json,2486,615988efabdd3979dbc16b634fa1ab41608d71ae2d23f4b7714bd69e563d6ae0
outputs/feature_engineering_summary.md,797,7e2a9e9362493f74ad6258eb393d6453132f49f2051aff939244060b6644ed9f
outputs/figures_quality_report.txt,16073,c7cb5522d3cb5036cfe09f8ba4b8fd3b4bd2ca9b75749fbacbf6f854bd88a324
outputs/final_classification_eurostat_findings.csv,923,86635929343668231a529fffbad5e8a3b32774e5783c12accc092f2aafb5ad4d
outputs/formal_estimand_components.csv,9544,31a8d5aa644a9f6d0db64cffc95904dd8b9642ace7a94fd55a7f3415ea1d10a2
outputs/gradient_boosting_validation_tuning.csv,1168,2cc37b396a673b20e5a2cfeac91093fda2aa6a930b8ee9908047e16cf7e5bf35
outputs/hausman_test_result.txt,197,3f17d4711d47bd6825f7e56861a084e17b1740b53449e1c0e26614be1d615fb1
outputs/hlth_silc_08_api_url.txt,322,dbdc73f49a1a60097d8d5eb3417caca6adc2fb2fbcd63864ffeb4b8a3a118202
outputs/hlth_silc_08b_api_url.txt,201,04cf1cfadad7c52478e0f6d03eda5849185fecfc5921238a42767fc8abb5ecbb
outputs/hlth_silc_08b_availability_matrix_2021_2025.csv,506,1b848f55ce3d717996f28e938b67a082e6749ae311262a7154e7f35d6de23664
outputs/hlth_silc_08b_missingness_2021_2025.csv,227,15e5fe7a52b53a9ef1d105d3dc74e3f9203a1173ddff1dd177cf4c5b52d38168
outputs/hlth_silc_08b_phase4_api_url.txt,201,04cf1cfadad7c52478e0f6d03eda5849185fecfc5921238a42767fc8abb5ecbb
outputs/hlth_silc_32_extraction_notes.txt,662,22f55945f7520935209e79622f1e179ad9a4cb773e0771e8087ea1c9a79b17be
outputs/improved_mi_fe_results.csv,16809,1a84c0849f594b2704860a6dc7617c64fdb913883feb4676680a65108d632b2f
outputs/improved_mi_fe_results_baseline.csv,16384,2777bd4f532d4d9824884632da78a226ec654c2df304f7fec05c20c2f511f704
outputs/improved_mi_fe_results_baseline_m50.csv,28304,757ca7ee8401bfdb5de1a43ede0bf97d31959bce664065247731b1d03bd0ec2e
outputs/improved_mi_fe_results_baseline_pmm.csv,16809,1a84c0849f594b2704860a6dc7617c64fdb913883feb4676680a65108d632b2f
outputs/improved_mi_fe_results_baseline_pmm_m50.csv,29029,8609694919bb43d658db70674e0d591b3feffc18f8ba1f85637d69e6803e1b57
outputs/improved_mi_fe_results_country_dummies.csv,17424,1227e113003934d356ac7ac88664dd9a1aaa3616ccd133481bf0bf3bc71df4c0
outputs/improved_mi_fe_results_country_dummies_pmm.csv,17890,56de99f7f3fe1f6340b3eae24372d5a2f4084c7ac132b354ffbdbdaf1f69942b
outputs/improved_mi_fe_results_lagged_predictors_pmm.csv,18141,2acc1c23269c71991229176b8a7b1b96850a5095c754c327fd7b92d0bc6bd5fa
outputs/improved_mi_fe_results_no_outcome.csv,16701,f0ee0c2a3e69d26d5a3439f41bea1f5149505fcb9ee9031a3f2c2669a5b26c9c
outputs/improved_mi_fe_results_no_outcome_pmm.csv,17135,897336df3f8819b84d59e758e89fa2b1d8683ee63032fa4eb35b0b37af683bf2
outputs/improved_mi_pooled_results.csv,850,f42f1991f60dd743e9d9a3974ca6ff9185aa02c7af8d0275b0dd7057871f5569
outputs/improved_mi_pooled_results_baseline.csv,830,1ec5479c170b271a1fe398f57dc510012cfa46d2020a767497b58f7dc5741803
outputs/improved_mi_pooled_results_baseline_m50.csv,854,204f5e33f4c3da694788bd03c4d5bcba97f4394ed3321c85eb0d2ef206b6be2d
outputs/improved_mi_pooled_results_baseline_pmm.csv,850,f42f1991f60dd743e9d9a3974ca6ff9185aa02c7af8d0275b0dd7057871f5569
outputs/improved_mi_pooled_results_baseline_pmm_m50.csv,867,554ecccd60b69b067113c070962dcfc8496d31175717c944caf07224b468750c
outputs/improved_mi_pooled_results_country_dummies.csv,865,3020491c0d509552f54c306c15b8512be4bf9719624f2810130e2c507061c0b1
outputs/improved_mi_pooled_results_country_dummies_pmm.csv,881,a8a918d700549070c1b5d16e78029515bba604ac2873074b2d3c97999bba74a9
outputs/improved_mi_pooled_results_lagged_predictors_pmm.csv,897,48c0ecb29fc57075b05db1b4323c905b417255ca066921bfc79ac49f260a4d5e
outputs/improved_mi_pooled_results_no_outcome.csv,843,5ee4f7f0480eed78713458bb5989ea41048ab266cd4df97bf1320b9142a78f12
outputs/improved_mi_pooled_results_no_outcome_pmm.csv,861,9246964de35d7e166f4276c2761ae2ce7d31aaf7bb25550862f98a671a4e128d
outputs/included_vs_excluded_comparison.csv,598,9d4bc0e8ac95015c8c06ad7be8eb2dbaefd01ac2bf7e2bac2f67a8c8956a6218
outputs/included_vs_excluded_smd.csv,613,0417027f859038b937fa69d81a452c5417634437579988e085c39f6d50ad1314
outputs/ipw_balance.csv,560,cc1734b892480810250535e9a84a324d393905aae5e0727f21f2b33eb322ffa3
outputs/ipw_fe_results.csv,220,c72b9c191e458683ad22dcdca7460f7eed6ea089fab1bc9d3d5609eb46f27e8e
outputs/ipw_weight_summary.csv,395,3334157ea7ed7a45b605cd825c3b31228606e3f57fe4c2ec27da651a7d52520b
outputs/lasso_validation_tuning.csv,400,a0b6e5f78315950b55787b3b1bd62d533ba6d7f1bb424d2b98e317988ca12956
outputs/leave_one_country_out_poverty.csv,5684,d6a2bee85688f9c8e38477cbd58e9bc4431e17640f1f26da157f3871bd7cbc9a
outputs/leave_one_variable_out_sample_recovery.csv,265,406e6940e3fb29ebe0e99137d7a94d71cdeee92ea03abc4706abfbdee94af9d0
outputs/leave_one_year_out_poverty.csv,1968,b8e05641f73b9a7cf1e5ee5c71698a18a9892e853fb650597506c492c0c6be72
outputs/linear_models_summary.md,564,41b50c7857aa8ddee3696a26e2eaf02f0d32f43b1088d044522e71bc2599bbf2
outputs/main_sensitivity_ladder.csv,4801,5be62fe90ab284eba870d6c3557f8fbe81f62de572fa076fb80cac1010b08822
outputs/master_analysis_summary.md,26759,5e07c42427ec8286fb72c7a8d911a504abe42661314a5b9716f58f54d3ad50c2
outputs/measurement_break_2015_poverty.csv,845,e8f9d0561ce9cca0ab307d9e281b7c0fb40c076ee39af1ed16450a9ec02848cd
outputs/methodology_ladder.md,10331,4363b0111c144e1cfa8be9d5471b3f0caf8e5c22c57679de6b224e54ecf5f9ef
outputs/mi_coefficient_distribution.csv,3403,d286b49f4905a16044eb866e2532476bf1e38f99ef1aac1bb7d70d59f32b553a
outputs/mi_diagnostics_summary.csv,2081,d30779517b0aae3b7508e203944293030e56174edd1260627502f30869f20765
outputs/mi_fmi_poverty.csv,1397,cf2d82a25232e1974a81664bc814892727bb01b537f0c414bf50f9c998534529
outputs/mi_gdp_consistency_baseline_pmm.csv,120,57a843962c1bae44db6123c927013fa8b71b1638eb3a632f46cbed175c3486da
outputs/mi_gdp_consistency_baseline_pmm_m50.csv,124,e80671d15bd9861d59d1fa81eb04d55a09ab0bcafc798976600dad470c821eb2
outputs/mi_gdp_consistency_country_dummies_pmm.csv,127,aea5f7e5134ddbf22dae3114fe487580b7d298bc04ed32580ffa16131a7a34fc
outputs/mi_gdp_consistency_lagged_predictors_pmm.csv,129,b9b6ec686673c4ee9361d6d25d85deaaf307bcf7b2e2aabe7551b4e3b455c941
outputs/mi_gdp_consistency_no_outcome_pmm.csv,122,4970bc573d4b81ef9daa907e646aa172a0cc33da33f4fe90119461850ea53ed3
outputs/mi_method_notes.txt,402,42064cd0d97a69262c290d5b5fa291de7351cb35b54c9f7b794654e18670c408
outputs/mi_observed_vs_imputed_baseline.csv,1394,f7c78da2d9766df3cef181a55525cd492ff21e51aaf5666e59e0f2868d7dd0b6
outputs/mi_observed_vs_imputed_baseline_m50.csv,1668,0b2d573c37d22964063f14de71f4e46ba7312d2d9b80a25262eceb8393352e40
outputs/mi_observed_vs_imputed_baseline_pmm.csv,1394,f7c78da2d9766df3cef181a55525cd492ff21e51aaf5666e59e0f2868d7dd0b6
outputs/mi_observed_vs_imputed_baseline_pmm_m50.csv,1434,651d7f88c9a96c7a966d71de409c6bcfc980e4f13fd0bd4a6117b96b8d95fbaa
outputs/mi_observed_vs_imputed_by_group_year.csv,27434,e96a6698d543695aebba3798e6f8597c338ce99eccffb367c511345fba916641
outputs/mi_observed_vs_imputed_country_dummies.csv,1686,9b68746a5cbeb6c620e9ebba88740537f13df7b0153ae0917c94f9db7c584642
outputs/mi_observed_vs_imputed_country_dummies_pmm.csv,1454,6ff63b89bb8b6003ef3b7ac9127b374152f3972c2524be2a96a7ed24966e79c3
outputs/mi_observed_vs_imputed_lagged_predictors_pmm.csv,1477,770dce88ad62a7a59cd254d51d3b3807b3ba29c14579deba32acc78e0b35255d
outputs/mi_observed_vs_imputed_no_outcome.csv,1630,4266ea3de072ca543bc559f4fea86d32285c1348de715a7043cba5fa6a747d1b
outputs/mi_observed_vs_imputed_no_outcome_pmm.csv,1422,9d847e8d31c10377d49116db2c25659f7ab8bff6557d743e6047ef48d2025ced
outputs/mi_plausibility_checks_baseline.csv,771,9f28f6b3db803a9932c076ac216241738a91384df3e1fa76b11203df30c60508
outputs/mi_plausibility_checks_baseline_m50.csv,1030,e5102835a0ed30716afa40bf21aab94d279994e8d9aadc1afb69eca0acd07f04
outputs/mi_plausibility_checks_baseline_pmm.csv,771,9f28f6b3db803a9932c076ac216241738a91384df3e1fa76b11203df30c60508
outputs/mi_plausibility_checks_baseline_pmm_m50.csv,811,fe3d7cde8c5ca7fabc8fb3019f0de400e24481f2608c59e7165dd241fffba9b3
outputs/mi_plausibility_checks_country_dummies.csv,1089,2cfe4134164849762759eb605ef429c1ebadfdf139ffeecaf8c9f2c96306fd6d
outputs/mi_plausibility_checks_country_dummies_pmm.csv,841,120a3f10ad2af82802d8ecc3e75332c84215c149af5b26ff03ca0009382a0f4f
outputs/mi_plausibility_checks_lagged_predictors_pmm.csv,862,d4e3abcea8db1575151155ca512ff961e6cb9cb9daa84979b8f71d55429ac226
outputs/mi_plausibility_checks_no_outcome.csv,1010,0e065e467ae37045fcc732d606c41ab39e82c78bc3cd8934594afa301755935c
outputs/mi_plausibility_checks_no_outcome_pmm.csv,792,da9f49e46163cf099464b2fc696a884df62c4f6ce4f9608b4afba5a2d7da4cb8
outputs/mi_pmm_donor_diagnostics.csv,523,d3481f5f1017743b80f8e81c785a201797bdb71516b5801383e3a451c998b337
outputs/mi_variant_summary.csv,703,2ed9d01ae574322ec90200cf6c80e77d64819e8b8d2c7a3ad0c354671774f08e
outputs/missingness_by_variable.csv,641,cce1fa6ea8fda6819b8e0b600a68bd1e99dc9fc834a1d3a2f4881dbe24a65bbe
outputs/missingness_inclusion_probabilities.csv,140262,d37f48cc77e83ff1886e43e71d74894e03dc976004782ac5f4b4dbdb8ef259f7
outputs/missingness_model_summary.csv,649,490742334ad5661fc202f29981b05a5a1ab3e609538734ff9b7506d0a5af3395
outputs/missingness_robustness_results.csv,859,64e048febd429d1a58a1a38a799c03ab4b1b67640c7165010dbcb0b73822d212
outputs/ml_benchmark_decision.txt,297,917b95c974a436dcc7835102e0aecd5746a50ba76a2c512c3ff1a0dde21fbea8
outputs/ml_benchmark_summary-4.md,529,4a6d8aabef5d398786049d90a810766cf0ac79ba9d43e8435000e7ca63d06067
outputs/ml_country_holdout_fold_results.csv,2045,c9b00dd1541ed571f0649f7627dfc24e38bcd335f85f54ced5b8e07b81103b08
outputs/ml_country_holdout_summary.csv,388,e42296a6f3f302e601e95ddd2480f35ddd683d311f7a8925feacc45ed1272ee1
outputs/ml_expanding_window_results.csv,1585,cfb278a37da7efdc5780bec8f16c456c89dd39d0f3b48e77e174bc0377795b7e
outputs/ml_hyperparameter_grid.csv,462,635c09693c8df4e5fbf8693b03335fb32f49a1dd4c668f9eef28a87110d2ce15
outputs/ml_importance_caution.txt,129,82d2ce6ee7099098c882b65f4ce2d2286f87d352585a0eabcb46c2a2c04a90e7
outputs/ml_importance_stability.csv,624,21b082a38355146d07c62dcafb56593407de72593c3b0b4966d3bafa58b419c8
outputs/ml_importance_stability_note.txt,143,db7df309a40c986d86a59fda4a023ed3d561b941a2867cc3037d507b981701ff
outputs/ml_naive_baselines.csv,917,9c2baa1b97a37711348901f4fb7fcda8e885ec97f8cda9971715b9b11821aeb2
outputs/ml_paired_tree_mae_differences.csv,211,06792e8a13ecfcff7500a3ed4f1a3a0bfdd651c5129d53b7d757dab9f2c9cba7
outputs/ml_performance_full.csv,879,97c11b9fba05ee5ac49b27e0b341e998164b2cc467de7f261e42ff458b0f1528
outputs/ml_permutation_vs_impurity_importance.csv,1586,9f430ee27a67c0e0bac991f4e845f83b9ccc2f66e89cec724c5c5cf8e4766343
outputs/ml_split_confirmation.txt,349,21ad0c70aa327118c66dd123b1b24266b9101ed105febee0289ddf66b3c22c60
outputs/ml_test_mae_bootstrap_ci.csv,421,1fad86a8a1bd18731a257a1ccb0a2a7fd32f3436dad2e5ef8571f32b3c7098f3
outputs/ml_test_residuals_gradient_boosting.csv,4060,02a2ef85c142c7e87998f6c53d2e8a5fa22573bdc91b5c6e92dc7a285de38c2a
outputs/ml_test_residuals_random_forest.csv,4474,77a3377b84f8b92cf4586f0a30db89504681636d5567c65b206c9778602fc844
outputs/ml_test_residuals_ridge.csv,4518,78767e544558096c975bf935bb0e049a9f7eb3162a7ecbf0a9a28b43d723bedd
outputs/ml_time_aware_fold_results.csv,646,6442ba08d00e5c95253d9f8d81f22c20d0890681739bf94f74dc1f4fe5d6852b
outputs/mnar_imputation_fe_results.csv,171930,ed6ab0e1b72a813e1815be0ed9a52d3d2b3b17b25dfa8fff696dfc0d8a5f80e1
outputs/mnar_sensitivity_results.csv,2108,c0bdf8eb7faeb9221bbf5b3eddfd02c18fc7854b4b190ce8fd7432e9302cfe6b
outputs/mnar_tipping_point_fe_results.csv,190878,caf6b930db06fe7f47748c800b25d952398fa98a9310f0841892f4016be79c86
outputs/mnar_tipping_point_results.csv,3526,826f709f480351ddbeaafc34fd0af3fe26131bd655977ea5f9642fa31e419b4f
outputs/model_feature_set_5a.md,1456,25a7d4eaf0c0d150ec0f07d97de86e542efbbb686c09ce29626037b8b4902a5a
outputs/model_ladder_feasibility.csv,504,62a5e862df6fb9c6293ed6ce1ffbad590fc892f935ea69688c185ff04002fd48
outputs/model_ladder_results.csv,3922,a0647682ceb1eb1f040cda4dff83eac6d71cdeab3018969fe725f9d5656f410b
outputs/multi_outcome_attrition_long.csv,7541,7bdffbada9a967be5490b8196d14bba2b0166ed4367e2998d5dd0ec3ce70c184
outputs/multi_outcome_attrition_matrix.csv,1184,e6808e330e97e3f327bb08401525d4b20c47fe748df55eb7d12db74e95535e75
outputs/multi_outcome_country_group_retention.csv,1053,607311db87656f9098fd29cf3b06a0f0cc15670483cc4c1db4253eed340f69fc
outputs/multi_outcome_coverage_table.csv,854,b2109990629a0ac80052cfc84fe460d61972f41c2abbcec9da1731509cc42c25
outputs/multi_outcome_included_excluded_smd.csv,7188,7cf991b3ac43fc030d760ee82b70d83afc8080a04691e9109732813f836b9f8f
outputs/multi_outcome_indicator_registry.csv,5131,e3822ba2d79899a4a1d3b1451d2a6e1866fb8efe681541f16ebf4e5f5ef8a1f5
outputs/multi_outcome_monitoring_dependence_summary.csv,919,1de15ce6066c4e3d0ca5a53571b99e49beccd98da2b62af59ef47102a390b2ab
outputs/multi_outcome_monitoring_trends.csv,21843,a4f2b6eb5e8a752975c7ee4b2fe56d4661f2c0c8c8907afc6f0e297b4147ebaf
outputs/multi_outcome_year_normalized_weights.csv,404598,34067ce65a949a07ca67c920632a00b57475b39feeae682686c030bceb28d85c
outputs/multiple_imputation_fe_results.csv,777,74e78ca6b193e04ca346d5388408f6b521f296eb2e7db757334a7f87e4fa05fb
outputs/multiple_imputation_notes.txt,695,feefb7edccc7f1939c6ab16575126535be3429dee78f7edc05f55246daa26eec
outputs/multiple_imputation_pooled_results.csv,231,5fe257b4ce30267769bef24735652fd457280385818040a8721cab386c1733ee
outputs/outcome_availability_matrix.csv,1575,4d4ede5b186d7a20f6f919031b317c4d64602e5609e565b847cae73d5f30d84a
outputs/outcome_country_coverage.csv,1174,8f55d85c5f59a4faed375d183518e1d1cac913139538d4aeb1ef4cc27cfc83aa
outputs/outcome_country_coverage_notebook.csv,280,a93135d52e69d18055eee826684cb4d7179f457117bb4ad46d2d6333e56caea7
outputs/outcome_estimand_coefficient_matrix.csv,6269,f24695df1632e3577a9c1aafee8e46ba1a6b9bb4a3dc279f855f39420437e0bd
outputs/outcome_failure_classification.csv,657,2e2103c4365b77ffcf77a299662187cdc37c42a09df66995213624ccd77141ee
outputs/outcome_missingness_heatmap.png,64740,dbd597f9d274e9242b06cdd1862eb9560389134b9895cf980198e86265691bce
outputs/outcome_missingness_heatmap_notebook.png,64740,dbd597f9d274e9242b06cdd1862eb9560389134b9895cf980198e86265691bce
outputs/outcome_missingness_summary.md,912,78c183a498f8b18d02efa5c2bb4a1f85bd059c142cdb168606246cbb5361abc6
outputs/panel_correlations.csv,954,2628339629066b5138fbb6fc2c8f655065869e1ba3ffaa79b68369094d4a9103
outputs/panel_correlations_full.csv,3274,7eb5799d9a0b826ad3379babf4be5ce615fc10c08f2d6d33c236fe6fd45d9f94
outputs/paper_summaries.md,151930,c9b08ebdb603316e4ff995d8782103fb56c2a3321798fe7f55bbea04662a38c0
outputs/papers_index.csv,15276,d3ac01ee6423ad7bb37ffec90ae985664abfee63bb086f204012c59357705da5
outputs/permutation_importance_final.csv,482,6d5c0374065fe4d3fce9ae245fb2c0f974bb8baec1e99618b7f8af2f71279a87
outputs/pooled_baseline_summary-2.md,812,f0f3c9681b001024c67eabab0242368aafc5eaf2434546b3fa2c19d5de7c95d9
outputs/population_extraction_notes.txt,179,8b9af003c87e7f3076eb704dbac07f9b9ccf392c7368039b180623b7785b5725
outputs/population_weighted_trend.csv,1065,3c173ad13988b94738821c28f66729eaacb7ff4e2c0f66c3af219da483ca07b1
outputs/poverty_robustness_summary.csv,2714,6f66891e0d46c1c54383d17279ae7a02b0e1e16078a35c851bef006b3fcf9416
outputs/primary_country_paths_dense.png,448429,1b2b61895a777cbe0c21b0d63faf082e6c70eb851c6dc2064fbf70a057e75e99
outputs/primary_country_summary.csv,1429,cc37fde88a7a3b25d7a58c2d6c7ffe36a5c71bcd95dad28caa4bbdbe49036ff4
outputs/primary_latest_available_ranking.csv,507,d7dddc77ed7cdf5e1d64e5d88392d892b158d8a48c3390ae5d8869ec1b62e27e
outputs/primary_latest_available_ranking.png,71329,879b1ac5f7b2e9069003e780cb52b286fa31911543ed11d5870642603cb86596
outputs/primary_vs_08b_common_cells.csv,4829,866526e91de7e0dc0bd0e2051f3f0573f633a47a7ccf8ab8a44d4bfbf5a5070f
outputs/primary_vs_08b_scatter.png,101103,a7ccbdb1eebff07b941d909061067d9bc3e95d848004f948b95f39f0280b6e88
outputs/primary_vs_08b_year_summary.csv,253,341aeef905d71e0e318f6b0224e2b8d94db57a9252d25dd2e23d6812aae24e37
outputs/primary_year_summary.csv,791,c2e44ae7cfc7d90646b48a27d0881abfeb3fb730870c6987bea69295116b3d98
outputs/primary_year_trend.png,127419,2072998c76639db87dc060575595a238c7786e87cccce0cfa50b592910bc76f7
outputs/processed_data_dictionary.csv,45632,01f0af9ca0c858d0ff3d17388d2cbfc73fefe93277768867554a5948743c92f9
outputs/processed_data_dictionary_summary.csv,2232,49de91ad203e33d1505349b54897d354fcf3cd81342016a6772c4e727343b1c3
outputs/random_forest_validation_tuning.csv,1098,2d0dbd13da38e7fdf98dadfba078e5b9ada53d2d338024f5f8ec73a1a5c28e5c
outputs/random_seed.txt,46,97aed4ae5302726b47b5936554c0221c8acf0c695eec187e373cc01f3d86761f
outputs/raw_data_download_instructions.md,846,dc203001f418d32eeec9408a0a4c5d2650c3bf9079718817079cdb75ab0b9e1c
outputs/references_raw.bib,17172,4cb5aa72cde15b7330d06893ca1feb38ca1b5d504fd03c48c4b4bde3d5310910
outputs/regression_country_groups.csv,1437,7479b929d1a70fb97f2b71d075b3a0c2d30491fe8f8a261a9eb081e725bf19fd
outputs/regression_crisis_exclusion.csv,570,507c85f4d58c42f3bc3aa425da934ba0dec602ed6726b1dbeac75cf8dd3681c4
outputs/regression_fe_full.csv,7677,a951c9705271bb13743733c0686fe698e8b2eb18a38fa77b8a436feeee6e1ed8
outputs/regression_icc.txt,104,5befef3cf7f446073a5ecb2c8cebf1e2fb44a43060d5fa28f1570422cd93be03
outputs/regression_lag_robustness.csv,396,120f0380cc3bfdf82144cf3416f15c787ff15cdf8b3c7d8832a88731ffc7d501
outputs/regression_multilevel_results.csv,936,779fe81de28ca0c349aa78757b03329473ab6896a893ea2f46817eba5c340280
outputs/regression_pooled_full.csv,2762,57eeabfcded6fe260a1825e93a7055c7f0cf534ec25ea0b9ea9d40a17d8dde47
outputs/regression_robustness_summary.csv,1996,51dd50ecc6b9853af04cc686b197a88e34794ab8157b785543551fab2d88d8b6
outputs/regression_sample_note.txt,240,712374863a92922c70ec62439dd745c7c15787c2951d5fef36e7d08273d69d43
outputs/regression_sensitivity_covariate_set.csv,3922,a0647682ceb1eb1f040cda4dff83eac6d71cdeab3018969fe725f9d5656f410b
outputs/regression_sensitivity_influential.csv,642,3e893cf09d4db2ad09f5370a037a661c74c33aa45809e2f1efef3e805bd7387d
outputs/regression_serial_correlation_check.csv,845,7deacbca91d794654712c1fd395708188930e0de1e40027954e85dcf42e028e5
outputs/regression_vif.csv,254,fd82ae25e646ca785c2a67664e50ac6c26bc293e267d72a2509eb880f0c860e7
outputs/regression_within_r2.txt,44,e49af83c98c2e1e20157a71205769557181825613955053dbc66b02f9b59bbb3
outputs/ridge_validation_tuning.csv,397,f41274bbf31ec30b5488bf2a52e9bebf5093e7ba1663e603cf0d41c1040ab92e
outputs/simulation_bias_summary.csv,2488,746ae6b638a82b66aa4f28f046f29b403742bc1732f5ee0f478501cec9425171
outputs/simulation_ci_coverage.csv,1261,98732969c8611993b607d9f1d2f7c3bed1764dcf9d61f342ca044613162a6436
outputs/simulation_reference_estimand.csv,131,58303ea3988dc29ab62e208d9e20452a3fac342dbc1c9a08e70b68a2d73a0635
outputs/simulation_results.csv,1203544,966f5badf2e6c66c043284a28ea9f7c24c65638a750f5f62ed99cc3b6cf088f9
outputs/simulation_runtime_notes.txt,328,016fce95bef3b443205f044d62946fdfe57e101b114cf6928b84cdf1f30a65e3
outputs/simulation_sign_reversal.csv,1255,edaeec7bff5e29d4c76cc39f272bafb57350716464b651a770cdc817ce45bf3a
outputs/simulation_validation_summary.csv,2626,afaf741a574d5f7fb031da0baa11c86f9bf02e1f4ca8e7219f1f381eaf654df1
outputs/simulation_wrong_conclusion.csv,1258,53db54d61120ec0f72c281038bb9582f6b993614dc2abd6376f01ff0cf9b9d4a
outputs/smoke_repeat_simulation_bias_summary.csv,2457,f384f723600ad51f79fef343be711eca7b9f508b348e390a91421773a69084c9
outputs/smoke_repeat_simulation_ci_coverage.csv,1248,4e6fefbfc4c6fe482b602441bb3a5d1cd21965ba0ddcfd10e23fafa71dbf0e91
outputs/smoke_repeat_simulation_reference_estimand.csv,131,58303ea3988dc29ab62e208d9e20452a3fac342dbc1c9a08e70b68a2d73a0635
outputs/smoke_repeat_simulation_results.csv,241042,9be8620087318f12ffed11795c9dc4b819088dd4b34872c7f70d0ac5df3b512d
outputs/smoke_repeat_simulation_sign_reversal.csv,1249,2fc749d85b9a34c72db55a90a3223dc980a4e86ab5c0325aa29f2e3f504d5dad
outputs/smoke_repeat_simulation_validation_summary.csv,2565,e2d33f27607d5faf15ede2f476b78536fa3e9fa168b049c307133c99442fc28a
outputs/smoke_repeat_simulation_wrong_conclusion.csv,1252,4ca90796b044bc7e0424ff20a681341f8ca0704b39322ce2a43ee4bc2d6adae9
outputs/smoke_simulation_bias_summary.csv,2457,f384f723600ad51f79fef343be711eca7b9f508b348e390a91421773a69084c9
outputs/smoke_simulation_ci_coverage.csv,1248,4e6fefbfc4c6fe482b602441bb3a5d1cd21965ba0ddcfd10e23fafa71dbf0e91
outputs/smoke_simulation_reference_estimand.csv,131,58303ea3988dc29ab62e208d9e20452a3fac342dbc1c9a08e70b68a2d73a0635
outputs/smoke_simulation_results.csv,241042,9be8620087318f12ffed11795c9dc4b819088dd4b34872c7f70d0ac5df3b512d
outputs/smoke_simulation_sign_reversal.csv,1249,2fc749d85b9a34c72db55a90a3223dc980a4e86ab5c0325aa29f2e3f504d5dad
outputs/smoke_simulation_validation_summary.csv,2565,e2d33f27607d5faf15ede2f476b78536fa3e9fa168b049c307133c99442fc28a
outputs/smoke_simulation_wrong_conclusion.csv,1252,4ca90796b044bc7e0424ff20a681341f8ca0704b39322ce2a43ee4bc2d6adae9
outputs/table_08b_robustness_models.csv,596,1f6c7d259b9efaa6d08e77ddcd8e6efd620bf30c07a6ffd0b64cb491074b9447
outputs/table_country_summary.csv,857,bb4168197d7dd20b51d3a759f729c85dcca7bc6dc0ceee820ebf28f5bd718b1b
outputs/table_descriptive_statistics.csv,1263,fe370e3158c7fde2d6f38ae4b2e3544a7187f2f8170b379f2bf76424ce080f69
outputs/table_fe_baseline.csv,338,fc6af67986464b6fc0c0a6ac86725561aa36e9b9f0cc0c462e926b4592800216
outputs/table_figure_generation_map.csv,28730,a0967b8d119afe23f30f507f270c7b2b755ccc61a292c8c6ee62a0d21eb3f207
outputs/table_linear_models_performance.csv,249,92e5681f2d734cafc1c773cf1c0b851ed5155fe590bc1466fbf7f3d4d3a83a27
outputs/table_ml_performance.csv,110,9241c2aa61ec8bbbc7770bb4d4ba9438f0f6c3009909cb29f6b27e6988505071
outputs/table_pooled_baseline.csv,785,c5b536703029ee1662e49e66132bd56b132e323d684dd82faf7f27d3a88c05c3
outputs/table_tree_models_performance.csv,241,a267d465f91ec9958eba5cfc3e482c3b1008f78255e8896535b632e881931fe4
outputs/table_year_inequality.csv,413,bf6462df4bb8e153ec26536772cf643355af89b7c6b06324e60c094a9da34525
outputs/table_year_summary.csv,601,48890562de82059edcaf12a8bbcb9410b4b0a4058f45275977e03dfa4fa5d1af
outputs/tables_quality_report.txt,12261,c10431d99ad56455cdf003f844c134c42c64a864edbfd6691d78d438b4768bcb
outputs/target_drift_components.csv,6391,31df5e09735cbf1a0d7139f4acf32b7ef7815c655d23f70f1419c7ca472faebb
outputs/target_population_drift_reporting_checklist.csv,1205,d9ead2a10f138b286ef554267b51bcae5cac29add24cfba0cfa45198d35a7537
outputs/target_population_sensitivity_results.csv,1325,32cb4e8b005377a9e9112d175fa89cd93185195b5dbf95d304b6037e87eea010
outputs/thesis_design_feasibility.md,6188,c018272244c7eed5ac85576057318129fda3aa415b4da1a052c33a185ce874d1
outputs/thesis_design_feasibility.xlsx,15751,897af8273d1439c2c810f2956c9c5cb4ddec114429dd2cdf202ebc04898c1e9f
outputs/thesis_roadmap.md,7509,24b0336e26e02cc5f57c0def4e112c3d388fba5beab34b46c69eb176ac248502
outputs/tree_feature_importance.csv,674,4d77eaeb696de02f9d1a3503d282aed25702e80bbdb3ac02e58b8fde33d2c824
outputs/tree_feature_importance_final.csv,430,efb09f17549df5afc511eac513d8119495541cfa007971b4895c8800e9f4b8db
outputs/tree_models_summary.md,670,4583b0d73a10bd02c7e512fd8ada00c8bc5afccf7a69d4022fa21d5f4e833cca
outputs/trend_test_results.txt,302,62468fea7a5d287dcf0944f1cd0696f583f1da98411e5a7b2df6d082ea513333
outputs/universe_sensitivity_results.csv,547,b2cf52c235b1f46d72d8ed5dd01e40abcf460c6c8d3b2a997e78bc5ef695c328
outputs/year_trend_summary.csv,945,9a8780dfd320f56553df515e0224b68341c753ea59ab3f35df67893c84617ae9
tables/appendix_full_pooled_regression.tex,1267,83050367bc01ff14ab548a87079e3efa4e78d4a21892b5b1298c435b3b997902
tables/attrition_by_country_group.tex,428,c0faeddd426879ff8dfba7a10c08d8358f10ecf6dc146edae592b9d7a9de91f4
tables/attrition_by_country_top_loss.tex,952,e01cd281a6dcd0e81fd166695ec5831793618fbd5aafcca8e0b84866fe114e17
tables/attrition_by_covariate_block.tex,869,462fd983227bcf065b2d8497e1565f1aae90a646da6435a24a84ee188fa42b03
tables/attrition_by_year.tex,851,95cc001e52e372e3baf3e38b21a9213e13c7fd1e0989cd0a6b441a44bd3495d1
tables/citizenship_gap_clustered.tex,484,654de3893ec385fd24df2fd0608542ae6387178c066eda9835026c34f80cf4a5
tables/citizenship_gap_regression.tex,493,a99bf8dfb7d98a2e17da35397f891188f2f5aee694dbe72ceaa615125010f964
tables/citizenship_gap_table.tex,599,b3fbbbe3177b38a81e63bdd1cb0c0403208267cdb67a06001ca133d77cb774c8
tables/complete_case_attrition_waterfall.tex,869,0eaf75e25484a00f3674a29678233b26aa8ef4d3cf208bf6be3ab5f210924491
tables/complete_case_selection_model.tex,710,44bf02971f483141455b57f7c0b8edd471c5efc794c980f9cbeea2f52d9e49e2
tables/conclusion_stability.tex,756,0f452a14a6bceba7c8d0ac1b92ea1afaa36abb5beef2d87d8a824fae0dcc2c2f
tables/country_coverage.tex,2042,f8d9f57b2ce0f55a2edbe0cc5d8cb8c5c56a703a52c7f9feb1bafbf2561787c5
tables/country_universe.tex,1942,3990a06b321a37c22d2696e8fd74a4a4783dca789e520ba7e47d398c77bae165
tables/descriptive_statistics.tex,1489,fd4090e94d066fb6aa9359602b458479f0256dc324df6eadc76c36a5366bfd7f
tables/estimand_framework.tex,1784,25e8483e409444d4dc66e5bb8e452ba233e8dcec02fc64f277e42261959172c7
tables/eurostat_sources_appendix.tex,1897,d1c80728b1985129ace6b885acc8ffcc17799b6156b57242baca360c1d4fe697
tables/failure_modes_public_aggregate_panels.tex,1208,affae49afe954d2ed1eccc8f2919f9462112711b40c3d1759de8941ec13a32b5
tables/fe_fit_diagnostics.tex,607,300a5f5d05e970d6df5ddc06d8bc36537da83f0c5a735ffd264ccaa87ace3aa3
tables/fe_inference_comparison.tex,624,631a9008d0a7d4aeed1b1e911585cacc1e556eb15e4b4bddea2f4021b52193a2
tables/final_classification_eurostat_findings.tex,1115,0d942078849bccbf67d3db94f1ebe5a8dffc969b01422d873fce95dae331e474
tables/formal_estimand_components.tex,5900,a2fc29234e8607f9054812cb4fefa09c457095ca6f6e64e837e7bb1307cb085c
tables/included_vs_excluded_smd.tex,945,3b92596c51aaefb6166375dd385d67c232c00efc41146fa0504ce1b99bff6b22
tables/leave_one_variable_out_sample_recovery.tex,787,8d34582bb8b6d5a736d8cd3415e0d6a16364f5ae93c397cec21a76c537c2490b
tables/main_sensitivity_ladder.tex,3034,eb42500c65780a3f94947e0bec884104fdfd868b89974c79322bb3262199432a
tables/mi_diagnostics_summary.tex,1149,61e8ce7cbd47b13952a61aa2524f10ca1806fc3fd595c7f46821b1828afde5bf
tables/mi_pmm_donor_diagnostics.tex,1032,1078b04c529812a154bd11f61cd309bb6b6c12f1e1a649a200b97db2f4433d34
tables/mi_variant_summary.tex,398,b44984e0828327fa63255d043441b2c3689ece4e9847208d0636055bd574c2f3
tables/missingness_comparison.tex,899,fd79751841eaae3f4a4e418f04e19567b5df0d8dd3e4ddf5b5d86ed289b74ab6
tables/missingness_robustness_results.tex,862,24065ab4dea499ee457dca87a2117cb6a1a2ddb3985146a09b140e94b40e004e
tables/ml_country_holdout_summary.tex,337,6a01b1e296f0e2bad63d32bb857ecffa04d898b5034f0083239ede42ded912bc
tables/ml_hyperparameter_grid.tex,611,7e6c2d06b5c79c07181e2d0454a93835a1650e8e85bac08bb7ce54b970bcce2a
tables/ml_model_performance_full.tex,446,837675e71a456600093372e965551ff7be60d07a0394bac5f941542938f8eb3b
tables/ml_naive_baselines.tex,493,b7a3e0109e1c1ba7ec0bb8161b1dd5deb647480f40382b4b55b75b364647916d
tables/ml_paired_tree_mae_differences.tex,196,31dd2b57933142b64e16ab7a2f6ad995232df26db108ddfbf7116ba4fcd5125a
tables/ml_test_mae_bootstrap_ci.tex,326,1915087b06a5631c64523ec5c57936f41b7c0a91764e27c1b6197182142b1a20
tables/ml_time_aware_fold_results.tex,813,9468ea24f449980ed16c43e85266a9675244a66cc9bb06b5db02ea43fb3f50c0
tables/mnar_sensitivity_results.tex,1199,e0c5037fc9b6c32f6ffddc132b186eecea35a5b21bf9a09e7ced16d660569527
tables/mnar_tipping_point_results.tex,1165,967ea03b0fcd274feebed0e24298dd01a3a451b6ee738d81192afdac42ace791
tables/model_ladder_results.tex,1833,275af31b6eca81b2d68a5e7bacc90c0d622cd383ea113ad6b94fb85e3785469f
tables/multi_outcome_attrition_matrix.tex,534,b52a5c76185ff47337be027ef44011a2bd20e62778a510f6caf39e39899ec74a
tables/multi_outcome_country_group_retention.tex,987,c97db3a836472eb21e7d96e5712cb9284a4dd26889f08b256042f0d99e930285
tables/multi_outcome_coverage_table.tex,714,f54f89913a5ca0575e4c4ff07c50bb71d9e9851afa87e35cb2b9583c426431d9
tables/multi_outcome_included_excluded_smd_top.tex,1213,d95b0b098f1723fd92130ac80846fd307780fd1cfd88b380b5fddcc4b9d9a44d
tables/multi_outcome_monitoring_dependence_summary.tex,1056,02b1f3e969186401965ea8871714d2e8abd0bfa8ca6f27fcf55ab039e50eb717
tables/multi_outcome_primary_attrition_waterfall.tex,578,4b0cc58003e2f75ddb9356a5e6fa55010ea1320662a74586235d9070643d792b
tables/multiple_imputation_sensitivity.tex,432,ef75176ce76cb3e17802609347249442450029f799be2789abd60633647d1a4c
tables/outcome_estimand_coefficient_matrix.tex,3469,a7f652bacbd04164bac12a6c61d72db15c724d6445ecf08f1088fa32faae1eac
tables/outcome_failure_classification.tex,522,19e50c816d3dfce113669ec850d31634f27590be67df85dfe106521860d5a3e7
tables/output_generation_map.tex,9692,813d12e1db16d179571920869790f190794b0226166e5e5705e56410d34ab623
tables/poverty_robustness_summary.tex,1997,60b847d549a06b9a9618ea51f7428f0ff98d73a20c225b11da032173705ebaf7
tables/processed_data_dictionary_summary.tex,1637,8bbb3c91963d4405750eadc89dca734dce67ac5170c083a8204f40dfa3842b37
tables/public_data_estimand_registry.tex,1142,955938b750886dcda6708fb571ee2c4bfcab5dad6d17cd1b396e08ae1f827dfd
tables/reduced_covariate_sensitivity.tex,844,42f64cfd8685ea9feddad28fdbf0da077ae2c82fb41342c114a6c544f8cee879
tables/regression_country_groups.tex,1317,fb77fd5546f16f6cd872eeb48156afb0e4b4f6c4c40fa00815212970293ded41
tables/regression_crisis_exclusion.tex,666,80818622ffbc968074b97013a4cabf48d624d203d1d703eb08c44e3afc8f4665
tables/regression_lag_robustness.tex,531,c835d10714662e42f763d60dbd73b29c4412ec6b0af545d6f355084a73d03339
tables/regression_main_results.tex,973,a9cc7412a64c80baa61721e624bc34599fbf379a79320eb472d5bcd595b066f0
tables/regression_multilevel.tex,919,111a38850c7fab195cf15598105d216e6168dd0231a9834ad164041dddfd8bb6
tables/regression_robustness_summary.tex,1769,140a10f57f054b4797995ea4fb10a6ba3e7338f63b3f061e620a464fb3c67dfe
tables/regression_sensitivity_covariate.tex,643,33766f86c98b1140b8232b4f57924d012457a540ca9b7ef1116ca3edb1ed5607
tables/regression_sensitivity_influential.tex,749,10336816045313348f6593265062203f0bfe9445873825df2f713de931f6feec
tables/regression_vif.tex,426,061ac9bb58062c353695a267acf422ea5c119b39a2ac60adce5117ea16892e3e
tables/regression_vif_diagnostics.tex,571,083f53727ec064cf8d90262321ef1b017f75203f2e2fa4996eb716b45b7f0a57
tables/robustness_08b_results.tex,801,d2679df1a57b22e8217092ea18c2738ba1e2113754db21122c79b80b1314998f
tables/simulation_complete_case_bias.tex,595,f6de9b2978a20e0b255ef4c8b88e1a0ce45a02a29e3127361bc4c2cd2f2a8a11
tables/simulation_main_summary.tex,1812,2f6c212135699ea1c16c102165f8087d8b707d067c3835572c371041b091545b
tables/simulation_validation_summary.tex,3518,36d04ab49d2a78c0afca37b7a3895b461eee837006c23055c11b810ff4c9932e
tables/software_versions.tex,233,fa1d4357a57e37df8ecbf0da8c14f09de1c9461dc2dbc0d41794124f205fcdad
tables/target_drift_components.tex,3039,b920c55ff2dcf233e7373358dbdaa3f30a569bfadd158327dd253e5fffdcba2d
tables/target_population_drift_reporting_checklist.tex,1372,80998977fed6379393d72081fa0fff9c88438ce6d760ec80e83a0829d3f630bd
tables/target_population_sensitivity_results.tex,1517,4658ce680a2740ef9971fb4ca1989d6c5354ddaeaf2d966fd1c2017ba801d1bd
tables/universe_sensitivity_results.tex,813,3d9d12c7f29158a684d4a3f1eb2c0f2dae8e435458cea7d56c89e3cbeaacbc6f
tables/variable_summary.tex,2801,04383391e68b09c6e0434c510543c070ed20ca073ce49766bd530632f0485487
